[
  {
    "id": "49f11a0e-6bde-445f-969b-6eebfc5e805e",
    "data": [
      {
        "text": "see you soon",
        "userDefined": false
      }
    ],
    "isTemplate": false,
    "count": 0,
    "updated": 0
  },
  {
    "id": "75e8634f-f0b5-484c-b495-9757916de8a2",
    "data": [
      {
        "text": "goodbye for now",
        "userDefined": false
      }
    ],
    "isTemplate": false,
    "count": 1,
    "updated": 0
  },
  {
    "id": "1be046d5-7ee8-43fd-b8aa-1ba12e31ed59",
    "data": [
      {
        "text": "bye-bye",
        "userDefined": false
      }
    ],
    "isTemplate": false,
    "count": 0,
    "updated": 0
  },
  {
    "id": "662529b8-e50f-485e-934c-86ef36d596c1",
    "data": [
      {
        "text": "bye bye take care",
        "userDefined": false
      }
    ],
    "isTemplate": false,
    "count": 0,
    "updated": 0
  },
  {
    "id": "66891b42-aacb-400a-a151-2759b98e1d47",
    "data": [
      {
        "text": "bye",
        "userDefined": false
      }
    ],
    "isTemplate": false,
    "count": 0,
    "updated": 0
  },
  {
    "id": "8a8ad242-4556-4ca4-9b99-192694b5b8e9",
    "data": [
      {
        "text": "I ",
        "userDefined": false
      },
      {
        "text": "must",
        "meta": "@sys.ignore",
        "userDefined": true
      },
      {
        "text": " go",
        "userDefined": false
      }
    ],
    "isTemplate": false,
    "count": 0,
    "updated": 0
  },
  {
    "id": "2f816015-a184-48fc-b849-40a8aafee72d",
    "data": [
      {
        "text": "talk to you later",
        "userDefined": false
      }
    ],
    "isTemplate": false,
    "count": 0,
    "updated": 0
  },
  {
    "id": "f747d708-0f1a-4d87-8c44-c0bbb43cb82a",
    "data": [
      {
        "text": "see you",
        "userDefined": false
      }
    ],
    "isTemplate": false,
    "count": 1,
    "updated": 0
  },
  {
    "id": "19e11d34-8b45-4612-a3e4-5e015c99712e",
    "data": [
      {
        "text": "goodbye",
        "userDefined": false
      }
    ],
    "isTemplate": false,
    "count": 0,
    "updated": 0
  },
  {
    "id": "8603c10c-5e7c-4e4b-b29e-5f0e0e6726f3",
    "data": [
      {
        "text": "that\u0027s ",
        "userDefined": false
      },
      {
        "text": "it",
        "meta": "@sys.ignore",
        "userDefined": true
      },
      {
        "text": " goodbye",
        "userDefined": false
      }
    ],
    "isTemplate": false,
    "count": 1,
    "updated": 0
  },
  {
    "id": "9b3cc784-83e6-4ac1-b1a3-d96865b6ad3b",
    "data": [
      {
        "text": "leave",
        "meta": "@sys.ignore",
        "userDefined": true
      },
      {
        "text": " me alone",
        "userDefined": false
      }
    ],
    "isTemplate": false,
    "count": 1,
    "updated": 0
  },
  {
    "id": "55235f35-71f2-450a-83b3-45fafbc17b36",
    "data": [
      {
        "text": "ok bye",
        "userDefined": false
      }
    ],
    "isTemplate": false,
    "count": 0,
    "updated": 0
  },
  {
    "id": "bc93da7c-56bd-49d0-8bf8-8ae26ffaa823",
    "data": [
      {
        "text": "bye for now",
        "userDefined": false
      }
    ],
    "isTemplate": false,
    "count": 1,
    "updated": 0
  },
  {
    "id": "f9e675f7-6530-47de-9a44-1cfd266991cc",
    "data": [
      {
        "text": "thanks bye bye",
        "userDefined": false
      }
    ],
    "isTemplate": false,
    "count": 0,
    "updated": 0
  },
  {
    "id": "008f2531-9e7c-41f5-8ad3-d0857b664baf",
    "data": [
      {
        "text": "hope",
        "meta": "@sys.ignore",
        "userDefined": true
      },
      {
        "text": " to see you later",
        "userDefined": false
      }
    ],
    "isTemplate": false,
    "count": 0,
    "updated": 0
  },
  {
    "id": "d54d2049-2a72-429c-a4e0-8996ce4e81b4",
    "data": [
      {
        "text": "goodbye see you later",
        "userDefined": false
      }
    ],
    "isTemplate": false,
    "count": 1,
    "updated": 0
  },
  {
    "id": "6d152505-beb4-48c9-a26a-a9e115152f19",
    "data": [
      {
        "text": "go to bed",
        "userDefined": false
      }
    ],
    "isTemplate": false,
    "count": 0,
    "updated": 0
  },
  {
    "id": "c43dd08a-5825-4d71-8698-99b75b6104e1",
    "data": [
      {
        "text": "now bye",
        "userDefined": false
      }
    ],
    "isTemplate": false,
    "count": 0,
    "updated": 0
  },
  {
    "id": "65817157-d6c0-4c05-ab23-8ed9d2292948",
    "data": [
      {
        "text": "good",
        "meta": "@sys.ignore",
        "userDefined": true
      },
      {
        "text": " bye",
        "userDefined": false
      }
    ],
    "isTemplate": false,
    "count": 0,
    "updated": 0
  },
  {
    "id": "a8adcaed-ad9e-4f9b-9c6e-5b470ec7e4a0",
    "data": [
      {
        "text": "never mind bye",
        "userDefined": false
      }
    ],
    "isTemplate": false,
    "count": 0,
    "updated": 0
  },
  {
    "id": "71981d16-0848-4689-a660-92b4056e8712",
    "data": [
      {
        "text": "alright bye",
        "userDefined": false
      }
    ],
    "isTemplate": false,
    "count": 0,
    "updated": 0
  },
  {
    "id": "389e476d-2d8f-42be-b9c0-508caa64c123",
    "data": [
      {
        "text": "bye bye see you",
        "userDefined": false
      }
    ],
    "isTemplate": false,
    "count": 0,
    "updated": 0
  },
  {
    "id": "37f2e4e9-de1e-44b5-87e8-d5ca40e3ea46",
    "data": [
      {
        "text": "okay bye",
        "userDefined": false
      }
    ],
    "isTemplate": false,
    "count": 0,
    "updated": 0
  },
  {
    "id": "0db86e4a-0c71-4acc-8a52-4c0c7129ceb2",
    "data": [
      {
        "text": "till next time",
        "userDefined": false
      }
    ],
    "isTemplate": false,
    "count": 0,
    "updated": 0
  },
  {
    "id": "609ccf9b-68e7-420c-ba68-b1d7f51efc31",
    "data": [
      {
        "text": "okay",
        "meta": "@sys.ignore",
        "userDefined": true
      },
      {
        "text": " ",
        "userDefined": false
      },
      {
        "text": "thank you",
        "meta": "@sys.ignore",
        "userDefined": true
      },
      {
        "text": " bye",
        "userDefined": false
      }
    ],
    "isTemplate": false,
    "count": 1,
    "updated": 0
  },
  {
    "id": "51589d90-c73d-4dc4-a700-1877c6673725",
    "data": [
      {
        "text": "I said bye",
        "userDefined": false
      }
    ],
    "isTemplate": false,
    "count": 0,
    "updated": 0
  },
  {
    "id": "8c7d90b0-b118-4f58-955b-d5fccb4155b2",
    "data": [
      {
        "text": "see you tomorrow",
        "userDefined": false
      }
    ],
    "isTemplate": false,
    "count": 0,
    "updated": 0
  },
  {
    "id": "9fc81075-d467-471a-b92a-88bf3ee7b2a7",
    "data": [
      {
        "text": "that\u0027s ",
        "userDefined": false
      },
      {
        "text": "all",
        "meta": "@sys.ignore",
        "userDefined": true
      },
      {
        "text": " goodbye",
        "userDefined": false
      }
    ],
    "isTemplate": false,
    "count": 0,
    "updated": 0
  },
  {
    "id": "f21169f9-edeb-46e3-88dd-c73310258708",
    "data": [
      {
        "text": "bye bye see you soon",
        "userDefined": false
      }
    ],
    "isTemplate": false,
    "count": 0,
    "updated": 0
  },
  {
    "id": "8d4a0e03-2635-49ae-a8cc-9f5104c68113",
    "data": [
      {
        "text": "you can go now",
        "userDefined": false
      }
    ],
    "isTemplate": false,
    "count": 0,
    "updated": 0
  },
  {
    "id": "eee999ae-b4ef-41fe-8042-f83d071e45c7",
    "data": [
      {
        "text": "okay see you later",
        "userDefined": false
      }
    ],
    "isTemplate": false,
    "count": 0,
    "updated": 0
  },
  {
    "id": "bd814567-f707-4e34-b8bf-5eb40a89a426",
    "data": [
      {
        "text": "see ya",
        "userDefined": false
      }
    ],
    "isTemplate": false,
    "count": 0,
    "updated": 0
  },
  {
    "id": "9d6fe158-fe7c-4a25-8349-2d91c6c82ea8",
    "data": [
      {
        "text": "get",
        "meta": "@sys.ignore",
        "userDefined": true
      },
      {
        "text": " ",
        "userDefined": false
      },
      {
        "text": "lost",
        "meta": "@sys.ignore",
        "userDefined": true
      }
    ],
    "isTemplate": false,
    "count": 0,
    "updated": 0
  }
]