[
  {
    "id": "ffbe3d8b-a6dd-435e-b3c4-4951b9d16403",
    "data": [
      {
        "text": "I ",
        "userDefined": false
      },
      {
        "text": "don",
        "meta": "@sys.ignore",
        "userDefined": false
      },
      {
        "text": "\u0027t want to talk",
        "userDefined": false
      }
    ],
    "isTemplate": false,
    "count": 0,
    "updated": 0
  },
  {
    "id": "635cebe4-209b-48db-b689-dbf538d13a3a",
    "data": [
      {
        "text": "I\u0027m not talking to you anymore",
        "userDefined": false
      }
    ],
    "isTemplate": false,
    "count": 0,
    "updated": 0
  },
  {
    "id": "98842deb-939b-47a3-adfe-9394c2c546a8",
    "data": [
      {
        "text": "I\u0027m not in the mood for chatting",
        "userDefined": false
      }
    ],
    "isTemplate": false,
    "count": 0,
    "updated": 0
  },
  {
    "id": "a5c504ef-d464-44b3-bfc0-997cef452db6",
    "data": [
      {
        "text": "let\u0027s not talk",
        "userDefined": false
      }
    ],
    "isTemplate": false,
    "count": 0,
    "updated": 0
  },
  {
    "id": "c9e31b0a-1b8a-4ac2-a2e4-2c64cec55872",
    "data": [
      {
        "text": "I ",
        "userDefined": false
      },
      {
        "text": "don\u0027t",
        "meta": "@sys.ignore",
        "userDefined": false
      },
      {
        "text": " want to talk to you",
        "userDefined": false
      }
    ],
    "isTemplate": false,
    "count": 0,
    "updated": 0
  },
  {
    "id": "c2777798-6c0c-481c-90a4-f9b1cf20cdfc",
    "data": [
      {
        "text": "bad time for talking",
        "userDefined": false
      }
    ],
    "isTemplate": false,
    "count": 0,
    "updated": 0
  },
  {
    "id": "9201c9e9-c40c-45c3-9e00-346b71f2877f",
    "data": [
      {
        "text": "let\u0027s stop talking for a minute",
        "userDefined": false
      }
    ],
    "isTemplate": false,
    "count": 0,
    "updated": 0
  }
]