[
  {
    "id": "3c45b50a-b0df-4d4b-8c3c-923831b95f1f",
    "data": [
      {
        "text": "add ",
        "userDefined": false
      },
      {
        "text": "Teddy",
        "alias": "traveler",
        "meta": "@travelers",
        "userDefined": false
      },
      {
        "text": "\u0027s location",
        "userDefined": false
      }
    ],
    "isTemplate": false,
    "count": 0,
    "updated": 1524221870
  },
  {
    "id": "b6c4d2fb-7e56-4acb-a6c4-908125c8a8e8",
    "data": [
      {
        "text": "add location",
        "userDefined": false
      }
    ],
    "isTemplate": false,
    "count": 0,
    "updated": 1524221870
  },
  {
    "id": "76b6405b-c0fd-461e-ba8b-ba85fd315d3e",
    "data": [
      {
        "text": "add where @travelers:traveler has been",
        "userDefined": false
      }
    ],
    "isTemplate": true,
    "count": 0,
    "updated": 1524221918
  },
  {
    "id": "03e79ea3-468b-4e01-bdda-9965f8da225d",
    "data": [
      {
        "text": "add @travelers:traveler\u0027s location",
        "userDefined": false
      }
    ],
    "isTemplate": true,
    "count": 0,
    "updated": 1524221918
  },
  {
    "id": "85544455-0eb7-4f62-b4f5-d2383a37422a",
    "data": [
      {
        "text": "add place",
        "userDefined": false
      }
    ],
    "isTemplate": false,
    "count": 0,
    "updated": 1524221870
  }
]