[
  {
    "id": "abe5686c-43a6-4579-b29f-205aebbb2aae",
    "data": [
      {
        "text": "add @travelers:traveler\u0027s location",
        "userDefined": false
      }
    ],
    "isTemplate": true,
    "count": 0,
    "updated": 1524221918
  },
  {
    "id": "22aaa358-4986-490e-8b71-02c5a70ff324",
    "data": [
      {
        "text": "add where @travelers:traveler has been",
        "userDefined": false
      }
    ],
    "isTemplate": true,
    "count": 0,
    "updated": 1524221918
  },
  {
    "id": "72875ece-e389-464e-ae4a-f97ef354702b",
    "data": [
      {
        "text": "add ",
        "userDefined": false
      },
      {
        "text": "Teddy",
        "alias": "traveler",
        "meta": "@travelers",
        "userDefined": false
      },
      {
        "text": "\u0027s location",
        "userDefined": false
      }
    ],
    "isTemplate": false,
    "count": 0,
    "updated": 1524221870
  },
  {
    "id": "4297c56d-5324-4f1b-ae18-75974589ddc2",
    "data": [
      {
        "text": "add place",
        "userDefined": false
      }
    ],
    "isTemplate": false,
    "count": 0,
    "updated": 1524221870
  },
  {
    "id": "95fcab56-629c-4de2-90ee-b4bec87184c1",
    "data": [
      {
        "text": "add location",
        "userDefined": false
      }
    ],
    "isTemplate": false,
    "count": 0,
    "updated": 1524221870
  }
]