[
  {
    "id": "b3b7fe1a-a954-440e-8d4a-71c6aba784a5",
    "data": [
      {
        "text": "start over",
        "userDefined": false
      }
    ],
    "isTemplate": false,
    "count": 0,
    "updated": 1524658536
  },
  {
    "id": "388d46fa-8408-4926-813e-772b327cf2ba",
    "data": [
      {
        "text": "start afresh",
        "userDefined": false
      }
    ],
    "isTemplate": false,
    "count": 0,
    "updated": 1524658536
  },
  {
    "id": "0a92f21b-1ec4-461d-9812-4f6f453c3ca2",
    "data": [
      {
        "text": "start fresh",
        "userDefined": false
      }
    ],
    "isTemplate": false,
    "count": 0,
    "updated": 1524658536
  },
  {
    "id": "fd504a16-554a-405d-9760-3476ad42bca7",
    "data": [
      {
        "text": "reset",
        "userDefined": false
      }
    ],
    "isTemplate": false,
    "count": 0,
    "updated": 1524658536
  }
]