[
  {
    "id": "e9871cd3-a020-447e-aabf-f70350c89106",
    "data": [
      {
        "text": "show instructions",
        "userDefined": false
      }
    ],
    "isTemplate": false,
    "count": 0,
    "updated": 1524221638
  },
  {
    "id": "9edbe710-b628-4190-88e2-f5436d34a650",
    "data": [
      {
        "text": "detailed instructions",
        "userDefined": false
      }
    ],
    "isTemplate": false,
    "count": 0,
    "updated": 1524221638
  },
  {
    "id": "1e0bc6b2-b408-4343-a865-f4462cc7679f",
    "data": [
      {
        "text": "give me instructions",
        "userDefined": false
      }
    ],
    "isTemplate": false,
    "count": 0,
    "updated": 1524221638
  },
  {
    "id": "fb33997e-7a95-441c-850a-8dfadce4cf59",
    "data": [
      {
        "text": "I need instructions",
        "userDefined": false
      }
    ],
    "isTemplate": false,
    "count": 0,
    "updated": 1524221638
  },
  {
    "id": "768e09a0-4390-4166-91f9-2925eb077a01",
    "data": [
      {
        "text": "instructions",
        "userDefined": false
      }
    ],
    "isTemplate": false,
    "count": 0,
    "updated": 1524221638
  }
]