[
  {
    "id": "95a2c7d0-c92f-43a4-88f7-00c20e12397a",
    "data": [
      {
        "text": "a good day",
        "userDefined": false
      }
    ],
    "isTemplate": false,
    "count": 0,
    "updated": 0
  },
  {
    "id": "a9740889-1869-4b52-a52e-f5e5139a8535",
    "data": [
      {
        "text": "lovely",
        "meta": "@sys.ignore",
        "userDefined": true
      },
      {
        "text": " ",
        "userDefined": false
      },
      {
        "text": "day",
        "meta": "@sys.ignore",
        "userDefined": true
      },
      {
        "text": " isn\u0027t ",
        "userDefined": false
      },
      {
        "text": "it",
        "meta": "@sys.ignore",
        "userDefined": true
      }
    ],
    "isTemplate": false,
    "count": 0,
    "updated": 0
  },
  {
    "id": "0dec0ffb-26d2-47ec-87b5-fab6746817f7",
    "data": [
      {
        "text": "hello again",
        "userDefined": false
      }
    ],
    "isTemplate": false,
    "count": 1,
    "updated": 0
  },
  {
    "id": "02679f2e-fec7-48aa-9c76-00b8f2a89029",
    "data": [
      {
        "text": "just going to say hi",
        "userDefined": false
      }
    ],
    "isTemplate": false,
    "count": 0,
    "updated": 0
  },
  {
    "id": "158dfa96-217c-46fd-a140-01df0d068926",
    "data": [
      {
        "text": "afternoon",
        "userDefined": false
      }
    ],
    "isTemplate": false,
    "count": 0,
    "updated": 0
  },
  {
    "id": "2c20105f-2480-43ac-b7d0-068cf0f4b8b7",
    "data": [
      {
        "text": "hello hi",
        "userDefined": false
      }
    ],
    "isTemplate": false,
    "count": 0,
    "updated": 0
  },
  {
    "id": "29a631ac-e29a-4b2e-8240-a2b996f9953e",
    "data": [
      {
        "text": "howdy",
        "userDefined": false
      }
    ],
    "isTemplate": false,
    "count": 0,
    "updated": 0
  },
  {
    "id": "e00acca7-4cdd-4f25-8bbb-7736347ae797",
    "data": [
      {
        "text": "hi there",
        "userDefined": false
      }
    ],
    "isTemplate": false,
    "count": 0,
    "updated": 0
  },
  {
    "id": "3c2acd0d-e8b9-4342-b452-8d08cb260e99",
    "data": [
      {
        "text": "greetings",
        "userDefined": false
      }
    ],
    "isTemplate": false,
    "count": 0,
    "updated": 0
  },
  {
    "id": "e2e4fb75-1347-4712-867a-ff1c80e3205a",
    "data": [
      {
        "text": "long",
        "meta": "@sys.ignore",
        "userDefined": true
      },
      {
        "text": " time no see",
        "userDefined": false
      }
    ],
    "isTemplate": false,
    "count": 0,
    "updated": 0
  },
  {
    "id": "fe5c037e-992a-42c2-a4ba-f09a3705dfe0",
    "data": [
      {
        "text": "hello there",
        "userDefined": false
      }
    ],
    "isTemplate": false,
    "count": 1,
    "updated": 0
  },
  {
    "id": "3dc40aec-0678-4677-b6de-2b72f7292b1e",
    "data": [
      {
        "text": "hey",
        "userDefined": false
      }
    ],
    "isTemplate": false,
    "count": 0,
    "updated": 0
  },
  {
    "id": "4fa030e1-3134-4e7f-ac76-858b0eedcdd3",
    "data": [
      {
        "text": "I greet you",
        "userDefined": false
      }
    ],
    "isTemplate": false,
    "count": 0,
    "updated": 0
  },
  {
    "id": "9316a70d-6c57-4d1f-beb6-642e33e8a2e3",
    "data": [
      {
        "text": "hi",
        "userDefined": false
      }
    ],
    "isTemplate": false,
    "count": 0,
    "updated": 0
  },
  {
    "id": "f6708283-72a0-4f54-be91-95f4b1e621e4",
    "data": [
      {
        "text": "hello",
        "userDefined": false
      }
    ],
    "isTemplate": false,
    "count": 0,
    "updated": 0
  },
  {
    "id": "1deacbf4-74a9-4253-af64-877af5807a5d",
    "data": [
      {
        "text": "hi",
        "meta": "@sys.ignore",
        "userDefined": true
      },
      {
        "text": " there",
        "userDefined": false
      }
    ],
    "isTemplate": false,
    "count": 0,
    "updated": 0
  },
  {
    "id": "430387f0-6c22-4e22-968d-c7c46de913a2",
    "data": [
      {
        "text": "heya",
        "userDefined": false
      }
    ],
    "isTemplate": false,
    "count": 0,
    "updated": 0
  },
  {
    "id": "caea1884-9d83-4b5a-a48c-1d0c3cf9a591",
    "data": [
      {
        "text": "hey there",
        "userDefined": false
      }
    ],
    "isTemplate": false,
    "count": 1,
    "updated": 0
  }
]