[
  {
    "id": "80e30eff-d1e9-40f5-be31-0ee81ed05f5d",
    "data": [
      {
        "text": "do you know what I look like",
        "userDefined": false
      }
    ],
    "isTemplate": false,
    "count": 0,
    "updated": 0
  },
  {
    "id": "36de038e-01c8-4fb0-9ef5-47ac341084b9",
    "data": [
      {
        "text": "what do I look like",
        "userDefined": false
      }
    ],
    "isTemplate": false,
    "count": 0,
    "updated": 0
  },
  {
    "id": "495c95ca-428e-44b5-b6f7-0a567ff8c056",
    "data": [
      {
        "text": "what do you think I look like",
        "userDefined": false
      }
    ],
    "isTemplate": false,
    "count": 0,
    "updated": 0
  },
  {
    "id": "d1ce93b5-1380-4f6e-bea7-5ef35cf6def0",
    "data": [
      {
        "text": "how do I look",
        "userDefined": false
      }
    ],
    "isTemplate": false,
    "count": 0,
    "updated": 0
  },
  {
    "id": "913bdb30-ed2e-4438-85b5-89dd2d01a9f4",
    "data": [
      {
        "text": "do I look good",
        "userDefined": false
      }
    ],
    "isTemplate": false,
    "count": 0,
    "updated": 0
  },
  {
    "id": "fd42e058-5017-416a-a8ad-f8ca92e50633",
    "data": [
      {
        "text": "can you see what I look like",
        "userDefined": false
      }
    ],
    "isTemplate": false,
    "count": 0,
    "updated": 0
  }
]