[
  {
    "id": "8eb3889a-d9fb-412d-b85b-2a4000f4fedc",
    "data": [
      {
        "text": "anytime",
        "userDefined": false
      }
    ],
    "isTemplate": false,
    "count": 0,
    "updated": 0
  },
  {
    "id": "5af19b13-1af8-4cee-a4c3-c557e3986b72",
    "data": [
      {
        "text": "sure",
        "meta": "@sys.ignore",
        "userDefined": false
      },
      {
        "text": " ",
        "userDefined": false
      },
      {
        "text": "welcome",
        "meta": "@sys.ignore",
        "userDefined": false
      }
    ],
    "isTemplate": false,
    "count": 0,
    "updated": 0
  },
  {
    "id": "fc30bea6-8010-4ecd-b9ec-a2652e32f416",
    "data": [
      {
        "text": "welcome",
        "meta": "@sys.ignore",
        "userDefined": false
      }
    ],
    "isTemplate": false,
    "count": 0,
    "updated": 0
  },
  {
    "id": "92c6a704-d009-4959-b058-37e8342bc2d6",
    "data": [
      {
        "text": "you\u0027re so ",
        "userDefined": false
      },
      {
        "text": "welcome",
        "meta": "@sys.ignore",
        "userDefined": false
      }
    ],
    "isTemplate": false,
    "count": 0,
    "updated": 0
  },
  {
    "id": "face4c37-ba96-4f87-ab2a-9c4ba9286cc8",
    "data": [
      {
        "text": "that\u0027s my pleasure",
        "userDefined": false
      }
    ],
    "isTemplate": false,
    "count": 0,
    "updated": 0
  },
  {
    "id": "905307f9-eb49-4a71-849b-1986a9a72886",
    "data": [
      {
        "text": "anything you want",
        "userDefined": false
      }
    ],
    "isTemplate": false,
    "count": 0,
    "updated": 0
  },
  {
    "id": "cffdd369-9bfe-400c-8e52-e70337f0a5d1",
    "data": [
      {
        "text": "my pleasure",
        "userDefined": false
      }
    ],
    "isTemplate": false,
    "count": 0,
    "updated": 0
  },
  {
    "id": "465d0612-6f8a-4c99-bca9-a6623170cd69",
    "data": [
      {
        "text": "welcome",
        "meta": "@sys.ignore",
        "userDefined": false
      },
      {
        "text": " ",
        "userDefined": false
      },
      {
        "text": "here",
        "meta": "@sys.ignore",
        "userDefined": false
      }
    ],
    "isTemplate": false,
    "count": 0,
    "updated": 0
  },
  {
    "id": "be3622d9-cd41-419b-9e00-2be36d4a774b",
    "data": [
      {
        "text": "you\u0027re ",
        "userDefined": false
      },
      {
        "text": "welcome",
        "meta": "@sys.ignore",
        "userDefined": false
      }
    ],
    "isTemplate": false,
    "count": 0,
    "updated": 0
  }
]