[
  {
    "id": "a35eaf41-cdeb-4224-96c8-b455b849ec34",
    "data": [
      {
        "text": "it",
        "meta": "@sys.ignore",
        "userDefined": false
      },
      {
        "text": " ",
        "userDefined": false
      },
      {
        "text": "is nice",
        "meta": "@sys.ignore",
        "userDefined": false
      },
      {
        "text": " talking to you",
        "userDefined": false
      }
    ],
    "isTemplate": false,
    "count": 0,
    "updated": 0
  },
  {
    "id": "26596cc2-25d3-4d4c-b36e-391c8458c7f6",
    "data": [
      {
        "text": "nice",
        "meta": "@sys.ignore",
        "userDefined": false
      },
      {
        "text": " to talk to you",
        "userDefined": false
      }
    ],
    "isTemplate": false,
    "count": 0,
    "updated": 0
  },
  {
    "id": "428a521f-9166-4739-8bc7-0b1671959fc3",
    "data": [
      {
        "text": "it\u0027s",
        "meta": "@sys.ignore",
        "userDefined": false
      },
      {
        "text": " ",
        "userDefined": false
      },
      {
        "text": "nice",
        "meta": "@sys.ignore",
        "userDefined": false
      },
      {
        "text": " to talk to you",
        "userDefined": false
      }
    ],
    "isTemplate": false,
    "count": 0,
    "updated": 0
  },
  {
    "id": "80b6f420-4763-4973-b68f-a961c19fc794",
    "data": [
      {
        "text": "it\u0027s been so nice to talk to you",
        "userDefined": false
      }
    ],
    "isTemplate": false,
    "count": 0,
    "updated": 0
  },
  {
    "id": "3eb32448-8a98-472b-8bec-162e5ce53c82",
    "data": [
      {
        "text": "how ",
        "userDefined": false
      },
      {
        "text": "nice",
        "meta": "@sys.ignore",
        "userDefined": false
      },
      {
        "text": " ",
        "userDefined": false
      },
      {
        "text": "it",
        "meta": "@sys.ignore",
        "userDefined": false
      },
      {
        "text": " is to talk to you",
        "userDefined": false
      }
    ],
    "isTemplate": false,
    "count": 0,
    "updated": 0
  },
  {
    "id": "29dac458-cad1-420e-ae5b-4b7327bdca72",
    "data": [
      {
        "text": "it",
        "meta": "@sys.ignore",
        "userDefined": false
      },
      {
        "text": "\u0027",
        "userDefined": false
      },
      {
        "text": "s",
        "meta": "@sys.ignore",
        "userDefined": false
      },
      {
        "text": " ",
        "userDefined": false
      },
      {
        "text": "been",
        "meta": "@sys.ignore",
        "userDefined": false
      },
      {
        "text": " a ",
        "userDefined": false
      },
      {
        "text": "pleasure",
        "meta": "@sys.ignore",
        "userDefined": false
      },
      {
        "text": " ",
        "userDefined": false
      },
      {
        "text": "talking",
        "meta": "@sys.ignore",
        "userDefined": false
      },
      {
        "text": " ",
        "userDefined": false
      },
      {
        "text": "to",
        "meta": "@sys.ignore",
        "userDefined": false
      },
      {
        "text": " you",
        "userDefined": false
      }
    ],
    "isTemplate": false,
    "count": 0,
    "updated": 0
  },
  {
    "id": "a8ed89f3-48db-4f87-b0e3-6d0ff1916ec6",
    "data": [
      {
        "text": "nice",
        "meta": "@sys.ignore",
        "userDefined": false
      },
      {
        "text": " talking to you",
        "userDefined": false
      }
    ],
    "isTemplate": false,
    "count": 1,
    "updated": 0
  }
]