[
  {
    "id": "a741b405-db9f-4597-8ebd-ce8bfd7df2cd",
    "data": [
      {
        "text": "ok sorry",
        "userDefined": false
      }
    ],
    "isTemplate": false,
    "count": 0,
    "updated": 0
  },
  {
    "id": "228cc722-27f1-4ea4-a22c-cf72b8168d9b",
    "data": [
      {
        "text": "I\u0027m sorry",
        "userDefined": false
      }
    ],
    "isTemplate": false,
    "count": 0,
    "updated": 0
  },
  {
    "id": "e76b7878-b2c3-4d3c-bc9a-3bc9d119c1fa",
    "data": [
      {
        "text": "sorry",
        "userDefined": false
      }
    ],
    "isTemplate": false,
    "count": 0,
    "updated": 0
  },
  {
    "id": "5e37bcef-2a08-45db-b3f7-8bdc6b71869c",
    "data": [
      {
        "text": "apologies",
        "userDefined": false
      }
    ],
    "isTemplate": false,
    "count": 0,
    "updated": 0
  },
  {
    "id": "0725adb8-c59d-4b65-bc54-77ef7b983552",
    "data": [
      {
        "text": "apologise",
        "userDefined": false
      }
    ],
    "isTemplate": false,
    "count": 0,
    "updated": 0
  },
  {
    "id": "0599e090-e19f-4cde-86aa-7a5296f6e101",
    "data": [
      {
        "text": "forgive me",
        "userDefined": false
      }
    ],
    "isTemplate": false,
    "count": 0,
    "updated": 0
  },
  {
    "id": "6d168179-eb8c-471a-a2d2-7419b2b49cbb",
    "data": [
      {
        "text": "I beg ",
        "userDefined": false
      },
      {
        "text": "your",
        "meta": "@sys.ignore",
        "userDefined": false
      },
      {
        "text": " pardon",
        "userDefined": false
      }
    ],
    "isTemplate": false,
    "count": 0,
    "updated": 0
  },
  {
    "id": "fea6d197-b41c-464b-bc59-3d9c03a8084f",
    "data": [
      {
        "text": "excuse me",
        "userDefined": false
      }
    ],
    "isTemplate": false,
    "count": 1,
    "updated": 0
  },
  {
    "id": "abbaa110-abff-41c5-9ea8-c4de6665ea1f",
    "data": [
      {
        "text": "apology",
        "userDefined": false
      }
    ],
    "isTemplate": false,
    "count": 0,
    "updated": 0
  },
  {
    "id": "cc7af7f3-3bb3-40ea-bfc7-e22356943336",
    "data": [
      {
        "text": "pardon",
        "userDefined": false
      }
    ],
    "isTemplate": false,
    "count": 0,
    "updated": 0
  },
  {
    "id": "aa3099a5-321d-4012-b585-6b99661400e3",
    "data": [
      {
        "text": "I want to say sorry",
        "userDefined": false
      }
    ],
    "isTemplate": false,
    "count": 0,
    "updated": 0
  },
  {
    "id": "60b4c893-3ab7-482a-a978-fd312ec9404e",
    "data": [
      {
        "text": "I am so sorry",
        "userDefined": false
      }
    ],
    "isTemplate": false,
    "count": 0,
    "updated": 0
  },
  {
    "id": "8d0e121b-b776-43f6-a51d-072797953ddd",
    "data": [
      {
        "text": "alright I\u0027m sorry",
        "userDefined": false
      }
    ],
    "isTemplate": false,
    "count": 1,
    "updated": 0
  },
  {
    "id": "45036c56-f409-4adb-a7b5-78d2616b2a0c",
    "data": [
      {
        "text": "apologies to me",
        "userDefined": false
      }
    ],
    "isTemplate": false,
    "count": 0,
    "updated": 0
  },
  {
    "id": "f6532ce4-d15b-4953-9589-b25687d25214",
    "data": [
      {
        "text": "my apologies",
        "userDefined": false
      }
    ],
    "isTemplate": false,
    "count": 0,
    "updated": 0
  },
  {
    "id": "0df481a9-3d47-499d-b500-60eb6baffcd9",
    "data": [
      {
        "text": "excuse",
        "userDefined": false
      }
    ],
    "isTemplate": false,
    "count": 1,
    "updated": 0
  },
  {
    "id": "c9406ce1-bb7c-4aad-99f0-1b688614104b",
    "data": [
      {
        "text": "sorry about that",
        "userDefined": false
      }
    ],
    "isTemplate": false,
    "count": 0,
    "updated": 0
  },
  {
    "id": "13c61f5c-52df-43c9-91ad-b9a679cdaeeb",
    "data": [
      {
        "text": "very sorry",
        "userDefined": false
      }
    ],
    "isTemplate": false,
    "count": 0,
    "updated": 0
  },
  {
    "id": "6d2457db-4503-4bf2-96d2-cc85b44b8c16",
    "data": [
      {
        "text": "I said sorry",
        "userDefined": false
      }
    ],
    "isTemplate": false,
    "count": 0,
    "updated": 0
  },
  {
    "id": "19cd6ffc-fe3a-481a-b69b-8d57ccd3ac05",
    "data": [
      {
        "text": "I apologize",
        "userDefined": false
      }
    ],
    "isTemplate": false,
    "count": 0,
    "updated": 0
  },
  {
    "id": "bebce641-7fb1-4d6f-8c38-885a30689ec8",
    "data": [
      {
        "text": "I am really sorry",
        "userDefined": false
      }
    ],
    "isTemplate": false,
    "count": 0,
    "updated": 0
  },
  {
    "id": "7ec7ca73-d9c0-4027-92f0-d7dffa61d042",
    "data": [
      {
        "text": "sorry about this",
        "userDefined": false
      }
    ],
    "isTemplate": false,
    "count": 0,
    "updated": 0
  },
  {
    "id": "9a31f09d-4c80-4701-a9ad-f1c3b6450f49",
    "data": [
      {
        "text": "okay I\u0027m sorry",
        "userDefined": false
      }
    ],
    "isTemplate": false,
    "count": 0,
    "updated": 0
  },
  {
    "id": "fdaed0f6-884c-486a-a1d8-16630a68e13c",
    "data": [
      {
        "text": "really sorry",
        "userDefined": false
      }
    ],
    "isTemplate": false,
    "count": 0,
    "updated": 0
  }
]