[
  {
    "id": "7578047e-553a-4181-bce0-67f9466890ea",
    "data": [
      {
        "text": "disregard",
        "userDefined": false
      }
    ],
    "isTemplate": false,
    "count": 0,
    "updated": 0
  },
  {
    "id": "95604f38-dc58-40a2-9f57-bbbbe50beac2",
    "data": [
      {
        "text": "sorry cancel",
        "userDefined": false
      }
    ],
    "isTemplate": false,
    "count": 0,
    "updated": 0
  },
  {
    "id": "6c2b5beb-1329-4700-b0b2-56cc87d09aa2",
    "data": [
      {
        "text": "no just cancel",
        "userDefined": false
      }
    ],
    "isTemplate": false,
    "count": 0,
    "updated": 0
  },
  {
    "id": "c81f9b66-7b72-4826-8386-7181415231c2",
    "data": [
      {
        "text": "now cancel",
        "userDefined": false
      }
    ],
    "isTemplate": false,
    "count": 0,
    "updated": 0
  },
  {
    "id": "0b0c6986-89a5-4efa-8e03-c45ccd7828f8",
    "data": [
      {
        "text": "just forget ",
        "userDefined": false
      },
      {
        "text": "it",
        "meta": "@sys.ignore",
        "userDefined": false
      }
    ],
    "isTemplate": false,
    "count": 0,
    "updated": 0
  },
  {
    "id": "1046b5b7-c8bb-46db-948d-7d92d4e19110",
    "data": [
      {
        "text": "cancel now",
        "userDefined": false
      }
    ],
    "isTemplate": false,
    "count": 0,
    "updated": 0
  },
  {
    "id": "74ba2a39-1564-43ed-a05b-daceb47fffb8",
    "data": [
      {
        "text": "forget that",
        "userDefined": false
      }
    ],
    "isTemplate": false,
    "count": 0,
    "updated": 0
  },
  {
    "id": "1254580a-25cb-4470-93b3-7d1b4d47fdb0",
    "data": [
      {
        "text": "cancel that ",
        "userDefined": false
      },
      {
        "text": "one",
        "meta": "@sys.ignore",
        "userDefined": false
      }
    ],
    "isTemplate": false,
    "count": 0,
    "updated": 0
  },
  {
    "id": "2029dc16-7560-460f-ae66-d0d945c8824b",
    "data": [
      {
        "text": "forget about that",
        "userDefined": false
      }
    ],
    "isTemplate": false,
    "count": 0,
    "updated": 0
  },
  {
    "id": "d85a7a54-a431-4971-978f-fe07688e29ce",
    "data": [
      {
        "text": "nothing just forget ",
        "userDefined": false
      },
      {
        "text": "it",
        "meta": "@sys.ignore",
        "userDefined": false
      }
    ],
    "isTemplate": false,
    "count": 0,
    "updated": 0
  },
  {
    "id": "00abc8fc-f914-4ba9-aa14-214c2a3c4fae",
    "data": [
      {
        "text": "no cancel this",
        "userDefined": false
      }
    ],
    "isTemplate": false,
    "count": 0,
    "updated": 0
  },
  {
    "id": "c8aff465-c193-4369-bece-ad13df3ceda4",
    "data": [
      {
        "text": "disregard that",
        "userDefined": false
      }
    ],
    "isTemplate": false,
    "count": 0,
    "updated": 0
  },
  {
    "id": "75b6ae8d-a0d0-4cdb-b1f1-b3b115e5d7f7",
    "data": [
      {
        "text": "i said forget ",
        "userDefined": false
      },
      {
        "text": "it",
        "meta": "@sys.ignore",
        "userDefined": false
      }
    ],
    "isTemplate": false,
    "count": 0,
    "updated": 0
  },
  {
    "id": "0541571b-beee-4508-bb22-204339757a68",
    "data": [
      {
        "text": "so cancel",
        "userDefined": false
      }
    ],
    "isTemplate": false,
    "count": 0,
    "updated": 0
  },
  {
    "id": "c5a9a2fc-9eaf-4a67-a4b1-7f76475adda3",
    "data": [
      {
        "text": "no just cancel ",
        "userDefined": false
      },
      {
        "text": "it",
        "meta": "@sys.ignore",
        "userDefined": false
      }
    ],
    "isTemplate": false,
    "count": 0,
    "updated": 0
  },
  {
    "id": "f63b59d7-79e9-4011-8f9e-fcacd0e72aa1",
    "data": [
      {
        "text": "cancel ",
        "userDefined": false
      },
      {
        "text": "all",
        "meta": "@sys.ignore",
        "userDefined": false
      },
      {
        "text": " this",
        "userDefined": false
      }
    ],
    "isTemplate": false,
    "count": 0,
    "updated": 0
  },
  {
    "id": "f30dc75e-693b-4bad-95b0-c115a11be78b",
    "data": [
      {
        "text": "no cancel cancel",
        "userDefined": false
      }
    ],
    "isTemplate": false,
    "count": 0,
    "updated": 0
  },
  {
    "id": "21d6deb3-c511-4571-ba14-d771cba9768d",
    "data": [
      {
        "text": "cancelled",
        "userDefined": false
      }
    ],
    "isTemplate": false,
    "count": 0,
    "updated": 0
  },
  {
    "id": "0d613c37-f0f7-462d-9781-e2a323a16737",
    "data": [
      {
        "text": "no stop",
        "userDefined": false
      }
    ],
    "isTemplate": false,
    "count": 0,
    "updated": 0
  },
  {
    "id": "fbbbc61c-ce1d-4d86-a828-ced5d00ab7c5",
    "data": [
      {
        "text": "nevermind",
        "meta": "@sys.ignore",
        "userDefined": false
      },
      {
        "text": " forget about ",
        "userDefined": false
      },
      {
        "text": "it",
        "meta": "@sys.ignore",
        "userDefined": false
      }
    ],
    "isTemplate": false,
    "count": 0,
    "updated": 0
  },
  {
    "id": "71c8b434-669e-464e-a926-65dda6070e64",
    "data": [
      {
        "text": "cancel everything",
        "userDefined": false
      }
    ],
    "isTemplate": false,
    "count": 0,
    "updated": 0
  },
  {
    "id": "a138129a-d719-479c-b7bb-745454430971",
    "data": [
      {
        "text": "just stop ",
        "userDefined": false
      },
      {
        "text": "it",
        "meta": "@sys.ignore",
        "userDefined": false
      }
    ],
    "isTemplate": false,
    "count": 0,
    "updated": 0
  },
  {
    "id": "e28ccc8b-1378-447c-993f-43638e6e5115",
    "data": [
      {
        "text": "I said cancel cancel",
        "userDefined": false
      }
    ],
    "isTemplate": false,
    "count": 0,
    "updated": 0
  },
  {
    "id": "3d67f7cd-d68f-4b41-8bab-6fab9d599336",
    "data": [
      {
        "text": "stop ",
        "userDefined": false
      },
      {
        "text": "it",
        "meta": "@sys.ignore",
        "userDefined": false
      }
    ],
    "isTemplate": false,
    "count": 0,
    "updated": 0
  },
  {
    "id": "7c0aca18-ee80-419c-88d5-7df86005850a",
    "data": [
      {
        "text": "can you cancel that",
        "userDefined": false
      }
    ],
    "isTemplate": false,
    "count": 0,
    "updated": 0
  },
  {
    "id": "8f4a19da-a418-4bb3-8e4a-1ab9033e3402",
    "data": [
      {
        "text": "discard",
        "userDefined": false
      }
    ],
    "isTemplate": false,
    "count": 0,
    "updated": 0
  },
  {
    "id": "ff808ed1-1ac0-4643-adec-d73741ba6233",
    "data": [
      {
        "text": "forget",
        "userDefined": false
      }
    ],
    "isTemplate": false,
    "count": 0,
    "updated": 0
  },
  {
    "id": "8647093c-ffc0-4433-96af-aea414ee4a72",
    "data": [
      {
        "text": "i want to cancel",
        "userDefined": false
      }
    ],
    "isTemplate": false,
    "count": 0,
    "updated": 0
  },
  {
    "id": "67fe64e5-56c3-4460-8c76-26b97445708e",
    "data": [
      {
        "text": "skip ",
        "userDefined": false
      },
      {
        "text": "it",
        "meta": "@sys.ignore",
        "userDefined": false
      }
    ],
    "isTemplate": false,
    "count": 0,
    "updated": 0
  },
  {
    "id": "a32101fb-a6b3-477e-a73f-b74789756d90",
    "data": [
      {
        "text": "don\u0027t",
        "meta": "@sys.ignore",
        "userDefined": false
      },
      {
        "text": " do that",
        "userDefined": false
      }
    ],
    "isTemplate": false,
    "count": 0,
    "updated": 0
  },
  {
    "id": "308a75b0-4f06-4e6b-8f16-fbe154825566",
    "data": [
      {
        "text": "cancel",
        "userDefined": false
      }
    ],
    "isTemplate": false,
    "count": 1,
    "updated": 0
  },
  {
    "id": "7d2051ed-ab86-4094-8559-bc0266bb3aaf",
    "data": [
      {
        "text": "cancel my request",
        "userDefined": false
      }
    ],
    "isTemplate": false,
    "count": 0,
    "updated": 0
  },
  {
    "id": "320f1983-2e1a-45ff-bdce-eb8278dce23e",
    "data": [
      {
        "text": "cancel request",
        "userDefined": false
      }
    ],
    "isTemplate": false,
    "count": 0,
    "updated": 0
  },
  {
    "id": "e23480ed-11a7-4bf1-bf2b-b00c779fdb05",
    "data": [
      {
        "text": "cancel ",
        "userDefined": false
      },
      {
        "text": "all",
        "meta": "@sys.ignore",
        "userDefined": false
      }
    ],
    "isTemplate": false,
    "count": 0,
    "updated": 0
  },
  {
    "id": "6a95c381-cd51-45f9-97e3-1644c6c976ed",
    "data": [
      {
        "text": "no cancel everything",
        "userDefined": false
      }
    ],
    "isTemplate": false,
    "count": 0,
    "updated": 0
  },
  {
    "id": "6af674a0-b1ce-4313-8a25-2e3c41a40a72",
    "data": [
      {
        "text": "i said cancel ",
        "userDefined": false
      },
      {
        "text": "it",
        "meta": "@sys.ignore",
        "userDefined": false
      }
    ],
    "isTemplate": false,
    "count": 0,
    "updated": 0
  },
  {
    "id": "49148c42-26f2-4c86-a086-00655951a453",
    "data": [
      {
        "text": "cancel ",
        "userDefined": false
      },
      {
        "text": "all",
        "meta": "@sys.ignore",
        "userDefined": false
      },
      {
        "text": " that",
        "userDefined": false
      }
    ],
    "isTemplate": false,
    "count": 0,
    "updated": 0
  },
  {
    "id": "c1680241-9272-4986-87c8-1aa4103ed981",
    "data": [
      {
        "text": "abort",
        "userDefined": false
      }
    ],
    "isTemplate": false,
    "count": 0,
    "updated": 0
  },
  {
    "id": "4700b257-0334-4b9e-b17d-9c6b9c01ef1e",
    "data": [
      {
        "text": "just forget about ",
        "userDefined": false
      },
      {
        "text": "it",
        "meta": "@sys.ignore",
        "userDefined": false
      }
    ],
    "isTemplate": false,
    "count": 0,
    "updated": 0
  },
  {
    "id": "466ebc39-3998-4f1a-aa2c-74d5505c9f6d",
    "data": [
      {
        "text": "annul",
        "userDefined": false
      }
    ],
    "isTemplate": false,
    "count": 0,
    "updated": 0
  },
  {
    "id": "99c78e31-8c25-40a7-90ca-b5d0b1ec53f9",
    "data": [
      {
        "text": "cancel that cancel that",
        "userDefined": false
      }
    ],
    "isTemplate": false,
    "count": 0,
    "updated": 0
  },
  {
    "id": "b4613d0e-861b-4f51-b849-7731bd81df39",
    "data": [
      {
        "text": "stop",
        "userDefined": false
      }
    ],
    "isTemplate": false,
    "count": 0,
    "updated": 0
  },
  {
    "id": "eb206f12-9fa2-4b81-a4c5-0dcfb009208f",
    "data": [
      {
        "text": "i said cancel",
        "userDefined": false
      }
    ],
    "isTemplate": false,
    "count": 0,
    "updated": 0
  },
  {
    "id": "75c33c3d-5968-455f-aeb3-d779f98bd65d",
    "data": [
      {
        "text": "can you cancel ",
        "userDefined": false
      },
      {
        "text": "it",
        "meta": "@sys.ignore",
        "userDefined": false
      }
    ],
    "isTemplate": false,
    "count": 0,
    "updated": 0
  },
  {
    "id": "920ba3af-d7f1-4626-ab29-68a4a0412331",
    "data": [
      {
        "text": "i want to cancel ",
        "userDefined": false
      },
      {
        "text": "it",
        "meta": "@sys.ignore",
        "userDefined": false
      }
    ],
    "isTemplate": false,
    "count": 0,
    "updated": 0
  },
  {
    "id": "fd8be31c-de51-4d56-92f1-1f099d15c899",
    "data": [
      {
        "text": "forget this",
        "userDefined": false
      }
    ],
    "isTemplate": false,
    "count": 0,
    "updated": 0
  },
  {
    "id": "9549e9dd-a7b0-4ed1-a667-89ba3f7da2e6",
    "data": [
      {
        "text": "just cancel ",
        "userDefined": false
      },
      {
        "text": "it",
        "meta": "@sys.ignore",
        "userDefined": false
      }
    ],
    "isTemplate": false,
    "count": 0,
    "updated": 0
  },
  {
    "id": "7d6b5967-363b-458c-9e59-64b4c37c62ba",
    "data": [
      {
        "text": "just forget",
        "userDefined": false
      }
    ],
    "isTemplate": false,
    "count": 0,
    "updated": 0
  },
  {
    "id": "e7fbdf69-d85d-4b93-ac13-3f2a8f6e2295",
    "data": [
      {
        "text": "cancel it",
        "userDefined": false
      }
    ],
    "isTemplate": false,
    "count": 0,
    "updated": 0
  },
  {
    "id": "72cee599-ff3c-4eb5-b6b6-d88b6fd08494",
    "data": [
      {
        "text": "nothing cancel",
        "userDefined": false
      }
    ],
    "isTemplate": false,
    "count": 0,
    "updated": 0
  },
  {
    "id": "8b5842b5-377d-4d4d-a847-d976aa991058",
    "data": [
      {
        "text": "forget about ",
        "userDefined": false
      },
      {
        "text": "it",
        "meta": "@sys.ignore",
        "userDefined": false
      }
    ],
    "isTemplate": false,
    "count": 0,
    "updated": 0
  },
  {
    "id": "501c5f54-f808-4575-8c50-fc4baf12bc1b",
    "data": [
      {
        "text": "skip skip skip",
        "userDefined": false
      }
    ],
    "isTemplate": false,
    "count": 0,
    "updated": 0
  },
  {
    "id": "25979c90-9247-4974-a95c-e67968cf42e2",
    "data": [
      {
        "text": "cancel this request",
        "userDefined": false
      }
    ],
    "isTemplate": false,
    "count": 0,
    "updated": 0
  },
  {
    "id": "cd50e252-eac1-47a7-9a95-af63a2ef82a0",
    "data": [
      {
        "text": "cancel ",
        "userDefined": false
      },
      {
        "text": "it",
        "meta": "@sys.ignore",
        "userDefined": true
      }
    ],
    "isTemplate": false,
    "count": 0,
    "updated": 0
  },
  {
    "id": "4e21105c-8d2b-48c3-b7b5-8faf6148362e",
    "data": [
      {
        "text": "cancel the whole thing",
        "userDefined": false
      }
    ],
    "isTemplate": false,
    "count": 0,
    "updated": 0
  },
  {
    "id": "11018a39-1225-4ebb-ad42-a27e85349196",
    "data": [
      {
        "text": "i would like to cancel",
        "userDefined": false
      }
    ],
    "isTemplate": false,
    "count": 0,
    "updated": 0
  },
  {
    "id": "22b42973-0a23-40f4-a5e9-f3c3f300f57f",
    "data": [
      {
        "text": "skip",
        "userDefined": false
      }
    ],
    "isTemplate": false,
    "count": 1,
    "updated": 0
  },
  {
    "id": "1fb061eb-f470-4f75-abc1-8753292d7601",
    "data": [
      {
        "text": "cancel ",
        "userDefined": false
      },
      {
        "text": "it",
        "meta": "@sys.ignore",
        "userDefined": false
      },
      {
        "text": " cancel ",
        "userDefined": false
      },
      {
        "text": "it",
        "meta": "@sys.ignore",
        "userDefined": false
      }
    ],
    "isTemplate": false,
    "count": 0,
    "updated": 0
  },
  {
    "id": "7d40d367-adcf-41b5-8d91-5cbe79d4f5df",
    "data": [
      {
        "text": "do",
        "meta": "@sys.ignore",
        "userDefined": false
      },
      {
        "text": " nothing",
        "userDefined": false
      }
    ],
    "isTemplate": false,
    "count": 0,
    "updated": 0
  },
  {
    "id": "cc6a51ea-1c93-48e9-bcd1-e6385e2a0297",
    "data": [
      {
        "text": "but can you cancel it",
        "userDefined": false
      }
    ],
    "isTemplate": false,
    "count": 0,
    "updated": 0
  },
  {
    "id": "df89409c-4b00-47b4-801e-7f0b4f05c06b",
    "data": [
      {
        "text": "forget ",
        "userDefined": false
      },
      {
        "text": "it",
        "meta": "@sys.ignore",
        "userDefined": false
      },
      {
        "text": " ",
        "userDefined": false
      },
      {
        "text": "nevermind",
        "meta": "@sys.ignore",
        "userDefined": false
      }
    ],
    "isTemplate": false,
    "count": 0,
    "updated": 0
  },
  {
    "id": "ff66e50b-49fa-4946-b5f8-62a4af3d3bb8",
    "data": [
      {
        "text": "dismiss",
        "userDefined": false
      }
    ],
    "isTemplate": false,
    "count": 0,
    "updated": 0
  },
  {
    "id": "d5c3ebcd-3741-4f18-9d4f-f3566906fd07",
    "data": [
      {
        "text": "dismissed",
        "userDefined": false
      }
    ],
    "isTemplate": false,
    "count": 0,
    "updated": 0
  }
]