[
  {
    "id": "6b05242a-91d6-4b4c-841e-d327bd73240e",
    "data": [
      {
        "text": "I\u0027m thrilled",
        "userDefined": false
      }
    ],
    "isTemplate": false,
    "count": 0,
    "updated": 0
  },
  {
    "id": "81713766-cbcf-4344-8a43-528a924713b0",
    "data": [
      {
        "text": "I am excited",
        "userDefined": false
      }
    ],
    "isTemplate": false,
    "count": 0,
    "updated": 0
  },
  {
    "id": "1147ebcf-048e-49ca-8d6d-f34bcdf3672f",
    "data": [
      {
        "text": "how excited I am",
        "userDefined": false
      }
    ],
    "isTemplate": false,
    "count": 0,
    "updated": 0
  },
  {
    "id": "085ac60f-49d2-440c-8b99-15b15c638a13",
    "data": [
      {
        "text": "I\u0027m excited to start our friendship",
        "userDefined": false
      }
    ],
    "isTemplate": false,
    "count": 0,
    "updated": 0
  },
  {
    "id": "e149c0b9-3bfb-46a2-a2ad-ed038019bb73",
    "data": [
      {
        "text": "I\u0027m excited about working with you",
        "userDefined": false
      }
    ],
    "isTemplate": false,
    "count": 0,
    "updated": 0
  },
  {
    "id": "75d3ace6-f28a-4421-9e46-04fec97d987f",
    "data": [
      {
        "text": "I\u0027m really excited",
        "userDefined": false
      }
    ],
    "isTemplate": false,
    "count": 0,
    "updated": 0
  }
]