[
  {
    "id": "2657cf7a-3310-4352-b72e-15840a9d504a",
    "data": [
      {
        "text": "I\u0027ll be back",
        "userDefined": false
      }
    ],
    "isTemplate": false,
    "count": 0,
    "updated": 0
  },
  {
    "id": "3f4775dd-c1d2-4e7e-89ba-b6d6ddf8aebb",
    "data": [
      {
        "text": "be back ",
        "userDefined": false
      },
      {
        "text": "in",
        "meta": "@sys.ignore",
        "userDefined": false
      },
      {
        "text": " ",
        "userDefined": false
      },
      {
        "text": "5",
        "meta": "@sys.ignore",
        "userDefined": false
      },
      {
        "text": " minutes",
        "userDefined": false
      }
    ],
    "isTemplate": false,
    "count": 0,
    "updated": 0
  },
  {
    "id": "5040e639-0cc9-4863-8cfd-dceb9ce0d02c",
    "data": [
      {
        "text": "I\u0027ll be back in a few minutes",
        "userDefined": false
      }
    ],
    "isTemplate": false,
    "count": 0,
    "updated": 0
  },
  {
    "id": "f9241032-f314-4020-b10a-5e1552647f4f",
    "data": [
      {
        "text": "I\u0027ll get back to you ",
        "userDefined": false
      },
      {
        "text": "in",
        "meta": "@sys.ignore",
        "userDefined": false
      },
      {
        "text": " a moment",
        "userDefined": false
      }
    ],
    "isTemplate": false,
    "count": 0,
    "updated": 0
  },
  {
    "id": "2a293462-b5f0-4e7f-ab3e-ad3c4fe6e543",
    "data": [
      {
        "text": "I promise to ",
        "userDefined": false
      },
      {
        "text": "come",
        "meta": "@sys.ignore",
        "userDefined": false
      },
      {
        "text": " back",
        "userDefined": false
      }
    ],
    "isTemplate": false,
    "count": 0,
    "updated": 0
  }
]