[
  {
    "id": "caf0e6be-44ca-4034-acc3-56b06e591d3e",
    "data": [
      {
        "text": "what do I look like",
        "userDefined": false
      }
    ],
    "isTemplate": false,
    "count": 0,
    "updated": 0
  },
  {
    "id": "0717b57b-e652-4adf-8eb3-883bb4d7426e",
    "data": [
      {
        "text": "how do I look",
        "userDefined": false
      }
    ],
    "isTemplate": false,
    "count": 0,
    "updated": 0
  },
  {
    "id": "cdbeba0c-7705-425a-96de-182f4383a8e0",
    "data": [
      {
        "text": "do you know what I look like",
        "userDefined": false
      }
    ],
    "isTemplate": false,
    "count": 0,
    "updated": 0
  },
  {
    "id": "055942d0-731b-48c0-ab0a-d7781b5e7607",
    "data": [
      {
        "text": "can you see what I look like",
        "userDefined": false
      }
    ],
    "isTemplate": false,
    "count": 0,
    "updated": 0
  },
  {
    "id": "db79ac4a-004f-4baa-a8c9-698eb1692852",
    "data": [
      {
        "text": "do I look good",
        "userDefined": false
      }
    ],
    "isTemplate": false,
    "count": 0,
    "updated": 0
  },
  {
    "id": "a0cef9db-ba88-46ae-aaa1-b2451a658505",
    "data": [
      {
        "text": "what do you think I look like",
        "userDefined": false
      }
    ],
    "isTemplate": false,
    "count": 0,
    "updated": 0
  }
]