[
  {
    "id": "ad5ab932-8ef8-4d88-ae4b-4d4430700183",
    "data": [
      {
        "text": "afternoon",
        "userDefined": false
      }
    ],
    "isTemplate": false,
    "count": 0,
    "updated": 0
  },
  {
    "id": "bea5ba12-064f-4bc1-8b9f-8231796767b6",
    "data": [
      {
        "text": "hey",
        "userDefined": false
      }
    ],
    "isTemplate": false,
    "count": 0,
    "updated": 0
  },
  {
    "id": "b3ea30db-665e-466d-802f-fdf9f4c65676",
    "data": [
      {
        "text": "a good day",
        "userDefined": false
      }
    ],
    "isTemplate": false,
    "count": 0,
    "updated": 0
  },
  {
    "id": "d2f53fd9-2867-4c71-a889-143aaa286cdd",
    "data": [
      {
        "text": "hi there",
        "userDefined": false
      }
    ],
    "isTemplate": false,
    "count": 0,
    "updated": 0
  },
  {
    "id": "5418c600-9f88-47da-a629-201f4be2b37a",
    "data": [
      {
        "text": "heya",
        "userDefined": false
      }
    ],
    "isTemplate": false,
    "count": 0,
    "updated": 0
  },
  {
    "id": "0f704c1a-1b21-415d-b994-79586825e164",
    "data": [
      {
        "text": "long",
        "meta": "@sys.ignore",
        "userDefined": true
      },
      {
        "text": " time no see",
        "userDefined": false
      }
    ],
    "isTemplate": false,
    "count": 0,
    "updated": 0
  },
  {
    "id": "0923e03f-14f8-47ec-abd1-9d7d299ac98c",
    "data": [
      {
        "text": "greetings",
        "userDefined": false
      }
    ],
    "isTemplate": false,
    "count": 0,
    "updated": 0
  },
  {
    "id": "3a3ff69a-1649-4fff-aae2-3252f3376413",
    "data": [
      {
        "text": "I greet you",
        "userDefined": false
      }
    ],
    "isTemplate": false,
    "count": 0,
    "updated": 0
  },
  {
    "id": "d008de03-8548-4fc5-af1d-33b1805773a4",
    "data": [
      {
        "text": "hi",
        "userDefined": false
      }
    ],
    "isTemplate": false,
    "count": 0,
    "updated": 0
  },
  {
    "id": "281a4d66-ff8b-4f8e-ba96-95fd23306f8a",
    "data": [
      {
        "text": "just going to say hi",
        "userDefined": false
      }
    ],
    "isTemplate": false,
    "count": 0,
    "updated": 0
  },
  {
    "id": "f6686f37-d2ca-4ad6-bcb6-7b5a9af28e1c",
    "data": [
      {
        "text": "howdy",
        "userDefined": false
      }
    ],
    "isTemplate": false,
    "count": 0,
    "updated": 0
  },
  {
    "id": "c2fcf6a0-f567-4091-9ef3-07b5a63a8b8d",
    "data": [
      {
        "text": "lovely",
        "meta": "@sys.ignore",
        "userDefined": true
      },
      {
        "text": " ",
        "userDefined": false
      },
      {
        "text": "day",
        "meta": "@sys.ignore",
        "userDefined": true
      },
      {
        "text": " isn\u0027t ",
        "userDefined": false
      },
      {
        "text": "it",
        "meta": "@sys.ignore",
        "userDefined": true
      }
    ],
    "isTemplate": false,
    "count": 0,
    "updated": 0
  },
  {
    "id": "199bbeb8-bc0a-4579-a47f-d06a63960430",
    "data": [
      {
        "text": "hello there",
        "userDefined": false
      }
    ],
    "isTemplate": false,
    "count": 1,
    "updated": 0
  },
  {
    "id": "06282fc3-41d1-413c-a6be-0880d7869810",
    "data": [
      {
        "text": "hello",
        "userDefined": false
      }
    ],
    "isTemplate": false,
    "count": 0,
    "updated": 0
  },
  {
    "id": "adce0113-7eea-4715-a25b-0a9d232531dd",
    "data": [
      {
        "text": "hi",
        "meta": "@sys.ignore",
        "userDefined": true
      },
      {
        "text": " there",
        "userDefined": false
      }
    ],
    "isTemplate": false,
    "count": 0,
    "updated": 0
  },
  {
    "id": "ccce014b-e2a9-4e84-8577-34c3a22596b4",
    "data": [
      {
        "text": "hello hi",
        "userDefined": false
      }
    ],
    "isTemplate": false,
    "count": 0,
    "updated": 0
  },
  {
    "id": "ccd83364-58c0-461c-b33c-27dc42b51001",
    "data": [
      {
        "text": "hello again",
        "userDefined": false
      }
    ],
    "isTemplate": false,
    "count": 1,
    "updated": 0
  },
  {
    "id": "3fd207c4-79de-4cbd-9792-2333f57df9cc",
    "data": [
      {
        "text": "hey there",
        "userDefined": false
      }
    ],
    "isTemplate": false,
    "count": 1,
    "updated": 0
  }
]