[
  {
    "id": "0554f2fc-ab4e-427e-a3cb-0499c2907af2",
    "data": [
      {
        "text": "it\u0027s my b-day",
        "userDefined": false
      }
    ],
    "isTemplate": false,
    "count": 0,
    "updated": 0
  },
  {
    "id": "625bdf58-893c-480d-a505-970d93267d34",
    "data": [
      {
        "text": "today",
        "meta": "@sys.ignore",
        "userDefined": false
      },
      {
        "text": " is my ",
        "userDefined": false
      },
      {
        "text": "birthday",
        "meta": "@sys.ignore",
        "userDefined": false
      }
    ],
    "isTemplate": false,
    "count": 0,
    "updated": 0
  },
  {
    "id": "3e3b6ba4-6e11-4f97-9097-e62d1fb23fcd",
    "data": [
      {
        "text": "it",
        "meta": "@sys.ignore",
        "userDefined": false
      },
      {
        "text": " is my ",
        "userDefined": false
      },
      {
        "text": "birthday",
        "meta": "@sys.ignore",
        "userDefined": false
      }
    ],
    "isTemplate": false,
    "count": 0,
    "updated": 0
  },
  {
    "id": "2f10fce7-2224-4fe1-a3f6-fe15aa49743c",
    "data": [
      {
        "text": "it\u0027s my birthday today",
        "userDefined": false
      }
    ],
    "isTemplate": false,
    "count": 0,
    "updated": 0
  },
  {
    "id": "188d425f-f8de-4f3d-83b6-205966ff39a5",
    "data": [
      {
        "text": "I\u0027m celebrating my birthday today",
        "userDefined": false
      }
    ],
    "isTemplate": false,
    "count": 0,
    "updated": 0
  },
  {
    "id": "4e96536e-ba45-44fb-a7c0-95af13f568d6",
    "data": [
      {
        "text": "I was born today",
        "userDefined": false
      }
    ],
    "isTemplate": false,
    "count": 0,
    "updated": 0
  }
]