[
  {
    "id": "7aaed36d-ca8c-46ad-be4b-42becc699c8f",
    "data": [
      {
        "text": "I\u0027m right here",
        "userDefined": false
      }
    ],
    "isTemplate": false,
    "count": 0,
    "updated": 0
  },
  {
    "id": "de9325ea-2408-46c7-b72a-fa4f06ea3fd9",
    "data": [
      {
        "text": "here I am",
        "userDefined": false
      }
    ],
    "isTemplate": false,
    "count": 0,
    "updated": 0
  },
  {
    "id": "78f7abf1-f3d6-499c-a951-d43d9866ea01",
    "data": [
      {
        "text": "I\u0027m already here",
        "userDefined": false
      }
    ],
    "isTemplate": false,
    "count": 0,
    "updated": 0
  },
  {
    "id": "0eb40285-2089-4d46-bd02-3ed106d5bacc",
    "data": [
      {
        "text": "can you tell if I\u0027m here or not",
        "userDefined": false
      }
    ],
    "isTemplate": false,
    "count": 0,
    "updated": 0
  },
  {
    "id": "a3c2e82f-a0ef-48a5-81f3-884b33e28c33",
    "data": [
      {
        "text": "I am here",
        "userDefined": false
      }
    ],
    "isTemplate": false,
    "count": 0,
    "updated": 0
  }
]