[
  {
    "id": "ee55c98b-ef99-4527-81f9-ea91bf354529",
    "data": [
      {
        "text": "can you see what I look like",
        "userDefined": false
      }
    ],
    "isTemplate": false,
    "count": 0,
    "updated": 0
  },
  {
    "id": "e95bcb19-c1cb-47ed-b801-60a2b469d23f",
    "data": [
      {
        "text": "do I look good",
        "userDefined": false
      }
    ],
    "isTemplate": false,
    "count": 0,
    "updated": 0
  },
  {
    "id": "8da99567-6239-4990-9681-c7a55d2b5803",
    "data": [
      {
        "text": "how do I look",
        "userDefined": false
      }
    ],
    "isTemplate": false,
    "count": 0,
    "updated": 0
  },
  {
    "id": "a44ae6f3-256f-4541-a926-42bc493a670d",
    "data": [
      {
        "text": "do you know what I look like",
        "userDefined": false
      }
    ],
    "isTemplate": false,
    "count": 0,
    "updated": 0
  },
  {
    "id": "bb4f1db0-1054-4d1e-af98-517e9e2eeb7f",
    "data": [
      {
        "text": "what do I look like",
        "userDefined": false
      }
    ],
    "isTemplate": false,
    "count": 0,
    "updated": 0
  },
  {
    "id": "71631471-05bd-44a1-b242-896360bac138",
    "data": [
      {
        "text": "what do you think I look like",
        "userDefined": false
      }
    ],
    "isTemplate": false,
    "count": 0,
    "updated": 0
  }
]