[
  {
    "id": "117a0be0-2253-4a74-8cb2-609b646f27f1",
    "data": [
      {
        "text": "what is your story",
        "userDefined": false
      }
    ],
    "isTemplate": false,
    "count": 0,
    "updated": 1524047896
  },
  {
    "id": "67f2d58e-06e6-4b06-9b29-036cfe1ee6b2",
    "data": [
      {
        "text": "Traveler\u0027s story",
        "userDefined": false
      }
    ],
    "isTemplate": false,
    "count": 0,
    "updated": 1524044648
  },
  {
    "id": "348a3c33-7c7a-43a7-b38c-0b48200400e2",
    "data": [
      {
        "text": "tell me travelers story",
        "userDefined": false
      }
    ],
    "isTemplate": false,
    "count": 0,
    "updated": 1524044648
  },
  {
    "id": "78edbe10-e475-4829-9ae2-3132cfb1e769",
    "data": [
      {
        "text": "@travelers:traveler\u0027s story",
        "userDefined": false
      }
    ],
    "isTemplate": true,
    "count": 0,
    "updated": 1524044648
  },
  {
    "id": "79fffb8d-a4b4-472a-a06c-0cc2abaf32dc",
    "data": [
      {
        "text": "Teddy",
        "alias": "traveler",
        "meta": "@travelers",
        "userDefined": true
      },
      {
        "text": "\u0027s story",
        "userDefined": false
      }
    ],
    "isTemplate": false,
    "count": 0,
    "updated": 1524044648
  },
  {
    "id": "43910ad7-2d3a-439e-ab61-e3488d5427ca",
    "data": [
      {
        "text": "travelers story",
        "userDefined": false
      }
    ],
    "isTemplate": false,
    "count": 0,
    "updated": 1524044648
  },
  {
    "id": "753fcd0d-92e2-4bbd-9093-c00b409c12f9",
    "data": [
      {
        "text": "tell your story",
        "userDefined": false
      }
    ],
    "isTemplate": false,
    "count": 0,
    "updated": 1524047896
  },
  {
    "id": "0a8a249c-a7d5-4b1b-a930-bc1c7182129b",
    "data": [
      {
        "text": "Teddy",
        "alias": "traveler",
        "meta": "@travelers",
        "userDefined": false
      },
      {
        "text": " story",
        "userDefined": false
      }
    ],
    "isTemplate": false,
    "count": 0,
    "updated": 1524044648
  },
  {
    "id": "8844a8da-9403-4e43-964f-d06dc3bb25a7",
    "data": [
      {
        "text": "Traveller\u0027s story",
        "userDefined": false
      }
    ],
    "isTemplate": false,
    "count": 0,
    "updated": 1524044648
  },
  {
    "id": "fda04c49-afc1-4496-a103-ebc722252e17",
    "data": [
      {
        "text": "tell @travelers:traveler\u0027s story",
        "userDefined": false
      }
    ],
    "isTemplate": true,
    "count": 0,
    "updated": 1524050061
  }
]