[
  {
    "id": "fc13afee-c64e-47b3-b615-d873798dc645",
    "data": [
      {
        "text": "@travelers:traveler\u0027s story",
        "userDefined": false
      }
    ],
    "isTemplate": true,
    "count": 0,
    "updated": 1524044648
  },
  {
    "id": "e84c818f-952b-4424-9f7f-2bf219239177",
    "data": [
      {
        "text": "Teddy",
        "alias": "traveler",
        "meta": "@travelers",
        "userDefined": true
      },
      {
        "text": "\u0027s story",
        "userDefined": false
      }
    ],
    "isTemplate": false,
    "count": 0,
    "updated": 1524044648
  },
  {
    "id": "3040cdca-edc0-4303-a1db-9c79cd96fb0b",
    "data": [
      {
        "text": "Teddy",
        "alias": "traveler",
        "meta": "@travelers",
        "userDefined": false
      },
      {
        "text": " story",
        "userDefined": false
      }
    ],
    "isTemplate": false,
    "count": 0,
    "updated": 1524044648
  },
  {
    "id": "ef862c8f-d06b-48d9-b820-c6545de67f18",
    "data": [
      {
        "text": "tell me travelers story",
        "userDefined": false
      }
    ],
    "isTemplate": false,
    "count": 0,
    "updated": 1524044648
  },
  {
    "id": "123c6433-8424-4eb5-9dc8-aa84c9d32de3",
    "data": [
      {
        "text": "Traveller\u0027s story",
        "userDefined": false
      }
    ],
    "isTemplate": false,
    "count": 0,
    "updated": 1524044648
  },
  {
    "id": "dda227dc-2c61-4473-bebb-3d776c45f678",
    "data": [
      {
        "text": "travelers story",
        "userDefined": false
      }
    ],
    "isTemplate": false,
    "count": 0,
    "updated": 1524044648
  },
  {
    "id": "37664d41-ba84-486d-80d8-0e7c311cb432",
    "data": [
      {
        "text": "Traveler\u0027s story",
        "userDefined": false
      }
    ],
    "isTemplate": false,
    "count": 0,
    "updated": 1524044648
  }
]