[
  {
    "id": "00b3c971-4f4c-47d2-a2c1-f778e9ea0b0a",
    "data": [
      {
        "text": "you got @travelers:traveler?",
        "userDefined": false
      }
    ],
    "isTemplate": true,
    "count": 0,
    "updated": 1524050138
  },
  {
    "id": "901c89fe-786f-4913-96aa-54b5ea796bf4",
    "data": [
      {
        "text": "you have fellotraveler?",
        "userDefined": false
      }
    ],
    "isTemplate": false,
    "count": 0,
    "updated": 1524050138
  },
  {
    "id": "fa10d337-cf70-4ace-a1ca-4e855c519c3b",
    "data": [
      {
        "text": "you got fellowtraveler?",
        "userDefined": false
      }
    ],
    "isTemplate": false,
    "count": 0,
    "updated": 1524050138
  },
  {
    "id": "2f47676b-9342-4841-83f9-658b84710b0e",
    "data": [
      {
        "text": "you got traveler?",
        "userDefined": false
      }
    ],
    "isTemplate": false,
    "count": 0,
    "updated": 1524050138
  }
]